{
  "stats": {
    "submitted": 10,
    "finished": 10,
    "running": 0
  },
  "data": [
    [
      1,
      "heur002_n_100_m_3274",
      209652396,
      null,
      3832.0,
      10.388087034225464,
      1,
      1704711474.2126188,
      1704711484.601944,
      {}
    ],
    [
      1,
      "heur003_n_120_m_2588",
      209652396,
      null,
      7826.0,
      2.9189164638519287,
      1,
      1704711484.604515,
      1704711487.5242865,
      {}
    ],
    [
      2,
      "heur002_n_100_m_3274",
      209652396,
      null,
      2618.0,
      33.175434589385986,
      1,
      1704711487.5268104,
      1704711520.7031603,
      {}
    ],
    [
      2,
      "heur003_n_120_m_2588",
      209652396,
      null,
      5133.0,
      11.990002632141113,
      1,
      1704711520.7054546,
      1704711532.6963844,
      {}
    ],
    [
      3,
      "heur003_n_120_m_2588",
      209652396,
      null,
      5048.0,
      15.60329556465149,
      1,
      1704711532.885897,
      1704711548.490075,
      {}
    ],
    [
      3,
      "heur002_n_100_m_3274",
      209652396,
      null,
      2608.0,
      33.395503759384155,
      1,
      1704711548.4925601,
      1704711581.888965,
      {}
    ],
    [
      4,
      "heur002_n_100_m_3274",
      209652396,
      null,
      2838.0,
      33.049781799316406,
      1,
      1704711581.8924785,
      1704711614.9431865,
      {}
    ],
    [
      4,
      "heur003_n_120_m_2588",
      209652396,
      null,
      5058.0,
      18.419164180755615,
      1,
      1704711614.9455173,
      1704711633.3655784,
      {}
    ],
    [
      5,
      "heur002_n_100_m_3274",
      209652396,
      null,
      2631.0,
      41.45131707191467,
      1,
      1704711633.369107,
      1704711674.8213668,
      {}
    ],
    [
      5,
      "heur003_n_120_m_2588",
      209652396,
      null,
      5656.0,
      14.888968467712402,
      1,
      1704711674.9942808,
      1704711689.8841667,
      {}
    ]
  ],
  "configs": {
    "1": {
      "init_no_plexes": 5,
      "mutate": false,
      "pop_size": 60
    },
    "2": {
      "init_no_plexes": 7,
      "mutate": true,
      "pop_size": 128
    },
    "3": {
      "init_no_plexes": 10,
      "mutate": true,
      "pop_size": 128
    },
    "4": {
      "init_no_plexes": 8,
      "mutate": true,
      "pop_size": 134
    },
    "5": {
      "init_no_plexes": 7,
      "mutate": true,
      "pop_size": 147
    }
  },
  "config_origins": {
    "1": "Initial Design: Sobol",
    "2": "Initial Design: Sobol",
    "3": "Acquisition Function Maximizer: Random Search (sorted)",
    "4": "Acquisition Function Maximizer: Random Search (sorted)",
    "5": "Acquisition Function Maximizer: Local Search"
  }
}