{
  "stats": {
    "submitted": 5,
    "finished": 5,
    "running": 0
  },
  "data": [
    [
      1,
      "heur058_n_300_m_4010",
      209652396,
      null,
      8911.0,
      147.25868701934814,
      1,
      1704735625.8240693,
      1704735773.084151,
      {}
    ],
    [
      1,
      "heur041_n_300_m_17492",
      209652396,
      null,
      8175.0,
      787.0641078948975,
      1,
      1704735773.086945,
      1704736560.1520624,
      {}
    ],
    [
      2,
      "heur041_n_300_m_17492",
      209652396,
      null,
      8118.0,
      501.3051631450653,
      1,
      1704736560.1578224,
      1704737061.4656136,
      {}
    ],
    [
      2,
      "heur058_n_300_m_4010",
      209652396,
      null,
      8992.0,
      68.44673919677734,
      1,
      1704737061.4681463,
      1704737129.9159496,
      {}
    ],
    [
      1,
      "heur060_n_300_m_12405",
      209652396,
      null,
      24985.0,
      310.8584384918213,
      1,
      1704737129.9192545,
      1704737440.7787495,
      {}
    ]
  ],
  "configs": {
    "1": {
      "MaxStallGenerations": 1,
      "elitism_k": 31,
      "init_no_plexes": 3,
      "mutate": true,
      "pop_size": 136,
      "tolerance": 0.039730939790606504
    },
    "2": {
      "MaxStallGenerations": 3,
      "elitism_k": 5,
      "init_no_plexes": 10,
      "mutate": false,
      "pop_size": 89,
      "tolerance": 0.06295001611113549
    }
  },
  "config_origins": {
    "1": "Initial Design: Sobol",
    "2": "Initial Design: Sobol"
  }
}