{
  "stats": {
    "submitted": 20,
    "finished": 20,
    "running": 0
  },
  "data": [
    [
      1,
      "heur058_n_300_m_4010",
      209652396,
      null,
      8901.0,
      151.08233618736267,
      1,
      1704714068.3519623,
      1704714219.435805,
      {}
    ],
    [
      1,
      "heur041_n_300_m_17492",
      209652396,
      null,
      8601.0,
      697.7810437679291,
      1,
      1704714219.4386733,
      1704714917.220677,
      {}
    ],
    [
      2,
      "heur041_n_300_m_17492",
      209652396,
      null,
      8016.0,
      736.1002082824707,
      1,
      1704714917.223504,
      1704715653.3247936,
      {}
    ],
    [
      2,
      "heur058_n_300_m_4010",
      209652396,
      null,
      8339.0,
      77.24476194381714,
      1,
      1704715653.3274035,
      1704715730.5732257,
      {}
    ],
    [
      2,
      "heur060_n_300_m_12405",
      209652396,
      null,
      25240.0,
      153.0078365802765,
      1,
      1704715730.576701,
      1704715883.5855768,
      {}
    ],
    [
      3,
      "heur041_n_300_m_17492",
      209652396,
      null,
      8644.0,
      327.28032875061035,
      1,
      1704715883.5883694,
      1704716210.8697546,
      {}
    ],
    [
      3,
      "heur060_n_300_m_12405",
      209652396,
      null,
      24397.0,
      82.25406956672668,
      1,
      1704716210.8723876,
      1704716293.1275127,
      {}
    ],
    [
      3,
      "heur058_n_300_m_4010",
      209652396,
      null,
      8746.0,
      39.570356607437134,
      1,
      1704716293.131077,
      1704716332.702506,
      {}
    ],
    [
      4,
      "heur060_n_300_m_12405",
      209652396,
      null,
      22824.0,
      168.28967881202698,
      1,
      1704716332.7059462,
      1704716500.9967232,
      {}
    ],
    [
      4,
      "heur041_n_300_m_17492",
      209652396,
      null,
      8583.0,
      558.0366711616516,
      1,
      1704716500.9996088,
      1704717059.037334,
      {}
    ],
    [
      4,
      "heur058_n_300_m_4010",
      209652396,
      null,
      8747.0,
      86.09418320655823,
      1,
      1704717059.040208,
      1704717145.1354332,
      {}
    ],
    [
      5,
      "heur060_n_300_m_12405",
      209652396,
      null,
      40128.0,
      8.979002237319946,
      1,
      1704717145.1418452,
      1704717154.122804,
      {}
    ],
    [
      5,
      "heur058_n_300_m_4010",
      209652396,
      null,
      21528.0,
      9.021411657333374,
      1,
      1704717154.1258445,
      1704717163.148414,
      {}
    ],
    [
      5,
      "heur041_n_300_m_17492",
      209652396,
      null,
      53063.0,
      9.018722295761108,
      1,
      1704717163.1515365,
      1704717172.1713684,
      {}
    ],
    [
      6,
      "heur060_n_300_m_12405",
      209652396,
      null,
      23525.0,
      197.17558908462524,
      1,
      1704717172.6623752,
      1704717369.8389819,
      {}
    ],
    [
      6,
      "heur041_n_300_m_17492",
      209652396,
      null,
      8344.0,
      546.4299092292786,
      1,
      1704717369.84202,
      1704717916.2729976,
      {}
    ],
    [
      6,
      "heur058_n_300_m_4010",
      209652396,
      null,
      8393.0,
      91.13463163375854,
      1,
      1704717916.2762036,
      1704718007.4119325,
      {}
    ],
    [
      7,
      "heur041_n_300_m_17492",
      209652396,
      null,
      8592.0,
      826.3101944923401,
      1,
      1704718007.4162352,
      1704718833.7274678,
      {}
    ],
    [
      7,
      "heur060_n_300_m_12405",
      209652396,
      null,
      24113.0,
      278.62582659721375,
      1,
      1704718833.7307706,
      1704719112.3576417,
      {}
    ],
    [
      7,
      "heur058_n_300_m_4010",
      209652396,
      null,
      8802.0,
      128.56036567687988,
      1,
      1704719112.36088,
      1704719240.9222827,
      {}
    ]
  ],
  "configs": {
    "1": {
      "MaxStallGenerations": 1,
      "elitism_k": 31,
      "init_no_plexes": 3,
      "mutate": true,
      "pop_size": 136,
      "tolerance": 0.039730939790606504
    },
    "2": {
      "MaxStallGenerations": 3,
      "elitism_k": 5,
      "init_no_plexes": 10,
      "mutate": false,
      "pop_size": 89,
      "tolerance": 0.06295001611113549
    },
    "3": {
      "MaxStallGenerations": 4,
      "elitism_k": 45,
      "init_no_plexes": 6,
      "mutate": true,
      "pop_size": 68,
      "tolerance": 0.04412380633875728
    },
    "4": {
      "MaxStallGenerations": 1,
      "elitism_k": 19,
      "init_no_plexes": 7,
      "mutate": false,
      "pop_size": 109,
      "tolerance": 0.013436772134155036
    },
    "5": {
      "MaxStallGenerations": 0,
      "elitism_k": 41,
      "init_no_plexes": 9,
      "mutate": false,
      "pop_size": 119,
      "tolerance": 0.030809592194855212
    },
    "6": {
      "MaxStallGenerations": 3,
      "elitism_k": 3,
      "init_no_plexes": 4,
      "mutate": false,
      "pop_size": 82,
      "tolerance": 0.05998957423056228
    },
    "7": {
      "MaxStallGenerations": 2,
      "elitism_k": 6,
      "init_no_plexes": 3,
      "mutate": true,
      "pop_size": 105,
      "tolerance": 0.0452516444165064
    }
  },
  "config_origins": {
    "1": "Initial Design: Sobol",
    "2": "Initial Design: Sobol",
    "3": "Initial Design: Sobol",
    "4": "Initial Design: Sobol",
    "5": "Initial Design: Sobol",
    "6": "Acquisition Function Maximizer: Local Search",
    "7": "Acquisition Function Maximizer: Local Search"
  }
}