{
  "stats": {
    "submitted": 10,
    "finished": 10,
    "running": 0
  },
  "data": [
    [
      1,
      "heur058_n_300_m_4010",
      209652396,
      null,
      8654.0,
      115.27992630004883,
      1,
      1704737805.7120953,
      1704737920.9930434,
      {}
    ],
    [
      1,
      "heur041_n_300_m_17492",
      209652396,
      null,
      8971.0,
      625.9085426330566,
      1,
      1704737920.9960074,
      1704738546.9055166,
      {}
    ],
    [
      2,
      "heur041_n_300_m_17492",
      209652396,
      null,
      7811.0,
      474.27445816993713,
      1,
      1704738547.0750775,
      1704739021.3506489,
      {}
    ],
    [
      2,
      "heur058_n_300_m_4010",
      209652396,
      null,
      8648.0,
      78.45141649246216,
      1,
      1704739021.353027,
      1704739099.8054907,
      {}
    ],
    [
      2,
      "heur060_n_300_m_12405",
      209652396,
      null,
      24269.0,
      156.3646514415741,
      1,
      1704739099.8091247,
      1704739256.1748493,
      {}
    ],
    [
      3,
      "heur041_n_300_m_17492",
      209652396,
      null,
      7904.0,
      589.2564034461975,
      1,
      1704739256.4827056,
      1704739845.7401452,
      {}
    ],
    [
      3,
      "heur060_n_300_m_12405",
      209652396,
      null,
      24098.0,
      165.50937843322754,
      1,
      1704739845.74268,
      1704740011.253086,
      {}
    ],
    [
      3,
      "heur058_n_300_m_4010",
      209652396,
      null,
      8554.0,
      80.39054942131042,
      1,
      1704740011.2556963,
      1704740091.6472719,
      {}
    ],
    [
      4,
      "heur060_n_300_m_12405",
      209652396,
      null,
      23860.0,
      261.20663809776306,
      1,
      1704740091.6513107,
      1704740352.8589919,
      {}
    ],
    [
      4,
      "heur041_n_300_m_17492",
      209652396,
      null,
      7466.0,
      2498.5775179862976,
      1,
      1704740352.8617823,
      1704742851.440487,
      {}
    ]
  ],
  "configs": {
    "1": {
      "MaxStallGenerations": 1,
      "elitism_k": 31,
      "init_no_plexes": 4,
      "mutate": true,
      "pop_size": 136,
      "tolerance": 0.039730939790606504
    },
    "2": {
      "MaxStallGenerations": 3,
      "elitism_k": 5,
      "init_no_plexes": 20,
      "mutate": false,
      "pop_size": 89,
      "tolerance": 0.06295001611113549
    },
    "3": {
      "MaxStallGenerations": 3,
      "elitism_k": 8,
      "init_no_plexes": 19,
      "mutate": false,
      "pop_size": 96,
      "tolerance": 0.06085437786500773
    },
    "4": {
      "MaxStallGenerations": 4,
      "elitism_k": 10,
      "init_no_plexes": 16,
      "mutate": false,
      "pop_size": 100,
      "tolerance": 0.027972433577923485
    }
  },
  "config_origins": {
    "1": "Initial Design: Sobol",
    "2": "Initial Design: Sobol",
    "3": "Acquisition Function Maximizer: Local Search",
    "4": "Acquisition Function Maximizer: Local Search"
  }
}