{
  "incumbent_ids": [
    7
  ],
  "rejected_config_ids": [
    1,
    4,
    6
  ],
  "incumbents_changed": 4,
  "trajectory": [
    {
      "config_ids": [
        1
      ],
      "costs": [
        [
          11756.0,
          363.4234232902527
        ]
      ],
      "trial": 1,
      "walltime": 363.4644010066986
    },
    {
      "config_ids": [
        4
      ],
      "costs": [
        [
          33012.333333333336,
          359.16744470596313
        ]
      ],
      "trial": 11,
      "walltime": 3997.595860004425
    },
    {
      "config_ids": [
        6
      ],
      "costs": [
        [
          33012.333333333336,
          355.52362155914307
        ]
      ],
      "trial": 17,
      "walltime": 6150.415983915329
    },
    {
      "config_ids": [
        7
      ],
      "costs": [
        [
          33012.333333333336,
          355.36401597658795
        ]
      ],
      "trial": 20,
      "walltime": 7216.624943733215
    }
  ],
  "state": {
    "queue": [
      [
        27,
        4
      ]
    ]
  }
}